{
  "project_info": {
    "project_number": "169209597989",
    "firebase_url": "https://fitnesspoint-3e08c.firebaseio.com",
    "project_id": "fitnesspoint-3e08c",
    "storage_bucket": "fitnesspoint-3e08c.appspot.com"
  },
  "client": [
    {
      "client_info": {
        "mobilesdk_app_id": "1:169209597989:android:1969862cb3c613ebc5afcc",
        "android_client_info": {
          "package_name": "de.yanniksimon.fitnesspoint"
        }
      },
      "oauth_client": [
        {
          "client_id": "169209597989-guuqlr70hhiejs5377s931nugbbj2ruu.apps.googleusercontent.com",
          "client_type": 1,
          "android_info": {
            "package_name": "de.yanniksimon.fitnesspoint",
            "certificate_hash": "3b2b64fff55b5acb343dbb7b22ec7a778d55c71c"
          }
        },
        {
          "client_id": "169209597989-r9djki0av0rgnrqhtksae9rhn4sbm0k0.apps.googleusercontent.com",
          "client_type": 3
        }
      ],
      "api_key": [
        {
          "current_key": "AIzaSyBPbZrH0oa6NPmGJluSxovlU8_t4wMrWlo"
        }
      ],
      "services": {
        "appinvite_service": {
          "other_platform_oauth_client": [
            {
              "client_id": "169209597989-r9djki0av0rgnrqhtksae9rhn4sbm0k0.apps.googleusercontent.com",
              "client_type": 3
            }
          ]
        }
      }
    }
  ],
  "configuration_version": "1"
}